{
    "aereas": [{
            "nome": "Azul",
            "horas": 200,
            "logo": "",
            "aeronaves": ["BOEING 737-400", "AIRBUS A320", "AIRBUS A330", "ATR 72-600", "EMBRAER 190", "EMBRAER 195", "EMBRAER 195 E2"]
        },
        {
            "nome": "GOL",
            "horas": 500,
            "logo": "",
            "aeronaves": ["BOEING 737-800", "BOEING 737max"]
        },
        {
            "nome": "LATAM",
            "horas": 1000,
            "logo": "",
            "aeronaves": ["AIRBUS A320", "BOEING 767-300", "BOEING 777-300"]
        }
    ]
}