{
    "en": {
        "policial": [{
                "name": ""
            },
            {

            }
        ],
        "motorista": [

        ],
        "atendente": [

        ]
    },
    "pt": {
        "policial": [{
                "name": "Policia Federal",
                "salario": {
                    "min": 5000,
                    "max": 10000
                },
                "type": "police"
            },
            {
                "name": "Policia Cívil",
                "salario": {
                    "min": 1000,
                    "max": 5000
                },
                "type": "police"
            }
        ],
        "motorista": [{
                "name": "Uber",
                "salario": {
                    "min": 500,
                    "max": 1000
                },
                "type": "taxi"
            },
            {
                "name": "Cooptax",
                "salario": {
                    "min": 500,
                    "max": 2000
                },
                "type": "taxi"
            },
            {
                "name": "Super Taxi",
                "salario": {
                    "min": 700,
                    "max": 900
                },
                "type": "taxi"
            }
        ],
        "atendente": [

        ]
    }
}