{
    "webhook": {
        "id": "848286478627110952",
        "token": "BRwyDKUCI-HRep5idFJZm8BhVypiB7KLcoZisA424vdVOu6STZegou8bnwb8DSDRliMf"
    },
    "cmdlog": {
        "id": "848953936156688384",
        "token": "4tf_FBkKFp0OcCaSF4zDKWLbs56y5ahgEkRcIu9iGyJPfEWtW94fgRqeOrn-iOe2gDaP"
    },
    "shard": {
        "id": "850362675014795294",
        "token": "7-6clszKVBO1RUEytHXvRbbwGT6xgTEsJwn3qmOSJUNsNqxMFVDnC4_gCSQewuB98TYU"
    },
    "cluster": {
        "id": "850362873610895410",
        "token": "ulo7ATtiYXe-TpECaW-jSC5Hw94QxDDvxGQ9Pof872WORsVTCvQV_yGVRw63bpqdZ0T9"
    }
}