{
    "cotacao": {
        "t": "Cotação do real nas principais moedas:",
        "f1": "Dolar",
        "f2": "Euro",
        "f3": "Bitcoin",
        "f4": "Dolar Canadense"
    },
    "mcserver": {
        "title": "Servidor de Minecraft",
        "ver": "Versões:",
        "p": "Jogadores Online:"
    },
    "h": {
        "ativado": "24h ativado.",
        "desativado": "24h desativado."
    },
    "vel": {
        "v": "Velocidade alterada para: `%v`"
    },
    "loop": {
        "ativado": "O loop foi ativado.",
        "desativado": "O loop foi desativado."
    },
    "filters": {
        "ativado": "O filtro `%f` foi ativado.",
        "desativado": "O filtro `%f` foi desativado."
    },
    "vol": {
        "noarg": "Insira um número entre 1 e 200.",
        "inv": "Número inválido.",
        "v": "Volume alterado para: `%v`"
    },
    "queue": {
        "t": "Fila",
        "n": "Não estou tocando nada no momento :("
    },
    "mal": {
        "term": "Insira algum termo para pesquisar."
    },
    "topgg": {
        "men": "Mencione algum bot, ou dê o id do mesmo.",
        "dono": "Dono:",
        "prefix": "Prefixo:",
        "votos": "Votos:",
        "montly": "Mensal:",
        "here": "Clique Aqui"
    },
    "invite": {
        "add": "Me Adicione ao seu servidor!",
        "desc": "Yay, gostou de meus comandos? Ou de minhas funcionalidades? Me [adicione](https://discord.com/oauth2/authorize?client_id=719524114536333342&scope=bot%20applications.commands&permissions=805432446)\n\nPrecisa de ajuda ou algo do tipo? Entre em meu [servidor de suporte](https://discord.gg/2pFH6Yy), yay"
    },
    "message": {
        "P": "Olá, humano!",
        "view": "Eu não tenho permissão de ler o histórico de mensagens!",
        "the": "O Comando",
        "unk": "não existe ou não pode ser executado no momento!",
        "user": "Você não tem todas as permissões necessárias para usar este comando!\nPermissões necessárias:",
        "bot": "Eu não tenho todas as permissões necessárias para executar este comando! \n Permissões necessárias:",
        "dev": "Apenas meus desenvolvedores podem usar este comando!",
        "c": "Aguarde 3 segundos para usar outro comando.",
        "e": "Ops, ocorreu um erro!",
        "e2": "Reporte este erro!",
        "e3": "Provavelmente minha equipe ja sabe sobre este erro, mas que tal você ajudar? Você pode abir um [issue](https://github.com/stardiscordbot/starbot/issues) no [github](https://github.com/stardiscordbot/starbot) ou então reportar em meu [servidor de suporte](https://discord.gg/2pFH6Yy), vamos fazer o discord um lugar melhor, juntos 🤝"
    },
    "botinfo": {
        "pessoas": "Pessoas Importantes:",
        "por": "por ter me criado.",
        "ded": "• Todas as pessoas que me ajudam/ajudaram a ser desenvolvida;\n• Toda a minha equipe;\n• E você: %u por usar meus comandos! :)",
        "add": "Me adicione:",
        "textt": "Com todas as permissões: **[clique aqui](https://top.gg/bot/719524114536333342/invite)**;\nSem nenhuma permissão: **[clique aqui](https://discord.com/oauth2/authorize?client_id=719524114536333342&scope=bot%20applications.commands&permissions=0)**.",
        "open": "Eu sou",
        "com": "Consumo:",
        "text": "<:st_wumpus:844541072855662593> Olá, meu nome é **Star:tm:** tenho **14** anos, criei minha conta no dia **08/06/2020**, eu conheço mais de **%g** lugares diferentes e **%u** pessoas e seus estilos, é uma honra está em seu servidor! :)\n\n<:st_terminal:845647948335284235> Fui desenvolvida em **[javascript](https://developer.mozilla.org/pt-BR/docs/Web/JavaScript)** utilizando **[eris](https://abal.moe/Eris/)** em meu client e comandos, yay"
    },
    "afk": {
        "set": "Setei seu AFK com o motivo:",
        "wel": "Bem-vindo de volta!"
    },
    "ship": {
        "nou": "Mencione algum usuário para shippar",
        "d1": "vocês 2 deles não são compatíveis, são muito diferentes um do outro. 😔",
        "d2": "vocês podem ser amigos, mas não vejo um futuro melhor entre eles, eles vocês são parecidos um com o outro. 🤝",
        "d3": "vocês podem ser um casal, os gostos são quase os mesmos, vocês se conhecem muito. 👀",
        "d4": "são perfeitos, feitos um para o outro, vai em frente, vocês tem tudo para dar certo! ❤️"
    },
    "userinfo": {
        "inf": "Informações de:",
        "tag": "Tag de: ",
        "id": "ID de: ",
        "create": "Conta criada dia: "
    },
    "roblox": {
        "criado": "📆 Criado dia:"
    },
    "pdex": {
        "lang": "pt"
    },
    "baninfo": {
        "user": "Usuário:",
        "reason": "Motivo",
        "desban": "Para desbanir reaja com 🐹."
    },
    "say": {
        "noarg": "Insira algo após o comando para falar.",
        "enviada": "Mensagem enviada por:"
    },
    "clear": {
        "msg": "mensagens** limpas com sucesso.",
        "no": "Insira a quantidade de mensagens a serem limpas.",
        "p": "Procurando mensagens, isso pode levar 30 segundos...",
        "num": "Eu só consigo limpar entre 2 a 2000 mensagens."
    },
    "ban": {
        "noarg": "**Mencione** algum usuário ou dê o **ID** do mesmo.",
        "vc": "Você deseja mesmo punir",
        "r": "✅",
        "r2": "✅",
        "mot": "Não Definido",
        "mot2": "Punido por:",
        "mot3": "Motivo:",
        "the": "O Usuário",
        "foi": "foi punido com sucesso."
    },
    "help": {
        "title": "Lista de Comandos • ",
        "creators": "Eu fui desenvolvida por ",
        "description": "> Meu prefixo atual é: `%p`\n> Caso tenha alguma dúvida entre em meu servidor de suporte: [Clique Aqui](https://discord.gg/2pFH6Yy)\n> Me adicione clicando [aqui](https://discord.com/oauth2/authorize?client_id=719524114536333342&scope=bot&permissions=805432446)"
    },
    "donate": {
        "vip": "Comando só disponível para doadores a partir do nível básico."
    },
    "metar": {
        "ft": "Informações da api: https://www.checkwxapi.com"
    },
    "erela": {
        "np": "🎵 Tocando Agora!",
        "end": "Todas as músicas acabaram, estou saindo!",
        "endt": "Fim da fila!"
    },
    "ocr": {
        "n": "Insira o link de uma imagem ou anexe uma.",
        "read": "Lendo..."
    },
    "isgd": {
        "nolink": "Inisira algum link para encurtar",
        "link": "aqui está seu link:"
    },
    "welmsg": {
        "noargs": "Você precisa setar uma mensagem, utilize: `%pwelcome-message <mensagem>`\n\n// <:st_util_info:835532528617259068> Você pode customizar ela usando **PlaceHolders:**\n**{guild}** - Mostra o nome do servidor (Exemplo: **%g**)\n**{member}** - Mostra o Username do membro (Exemplo: **%use**)\n**{@member}** - Menciona o Membro (Exemplo: **%author**})\n**{memberCount}** - Mostra a quantidade de Membros do servidor (Exemplo: **%mc**)\n**{member.discrim}** - Mostra a tag do Membro (Exemplo: **%ut**)\n**{member.id}** - Mostra o ID do membro (Exemplo: **%id**)"
    },
    "pay": {
        "noarg": "Estão faltando argumentos, utilize `%ppay <@usuario | id> <quantia>`",
        "nan": "`%q` não me parece ser uma quantia valida, tente novamente",
        "no": "Você não tem dinheiro suficiente.",
        "s": "Transação realizada com sucesso, **%m** recebeu **%q stars**",
        "c": "Você deseja enviar **%q stars** para **%m**?",
        "vc": "Você não pode pagar você mesmo."
    },
    "fst": {
        "arg": "Utilize: `%pfst on` para ativar e `%pfst off` para desativar"
    },
    "aki": {
        "reg": "pt",
        "q": "Pergunta:",
        "r": "Respostas:",
        "i": "Iniciando o Akinator",
        "is": "Esse é seu personagem?",
        "win": "Ótimo! Acertei mais uma vez.",
        "nowin": "Uh, você ganhou",
        "yay": "Amei brincar com você!",
        "res": "[sim (**s**) / não (**n**)]"
    },
    "backup": {
        "criando": "Criando Backup"
    },
    "starboard": {
        "cont": "Conteúdo:"
    },
    "rr": {
        "noargs": "Estão faltando argumentos, utilize `%prr <tipo> <@cargo> <:emoji:> [ID DA MENSAGEM]`",
        "desc": "Cria um addReactionion Role onde membros podem ganhar determinados cargos reagindo na mensagem determinada.",
        "normal": "Sistema de reação normal, onde o usuário pode pegar mais de um cargo que esteja configurado na mensagem.",
        "toggle": "Sistema de reação toggle, onde o usuário só pode pegar um cargo de todas as opções dadas.",
        "noargs2": "Estão faltando argumentos, utilize `%prr delete <:emoji:> <ID DA MENSAGEM>`",
        "delete": "Deleta algum cargo do sistema de reação."
    },
    "player": {
        "np": "🎧 Tocando Agora:",
        "end": "<:power:817075414961881099> A Fila acabou, estou saindo",
        "solo": "😔 Infelizmente fiquei sozinha no canal, estou saindo",
        "noresults": ":x: Infelizmente não encotrei nenhuma música relacionada a: ",
        "dis": "<:power:817075414961881099> A Música parou, fui desconectada do canal de voz",
        "noc1": "Você precisa estar no mesmo canal de voz que eu para executar comandos de música.",
        "noc2": "Você precisa estar conectado em algum canal de voz para executar comandos de música.",
        "not": "Não estou tocando nada neste servidor.",
        "stop": "Parei de tocar, estou saindo",
        "q": "Fila"
    },
    "perfil": {
        "ngm": "NINGUÉM",
        "desc": "A Star é minha amiga, sabia que você pode alterar isso usando \"%psobremim\"?",
        "comp": "Clique no `🛒` para comprar",
        "succ": "Background comprado com sucesso",
        "no": "Você não tem dinheiro suficiente para comprar este background"
    },
    "sugestao": {
        "insertChannel": "Você não especificou um canal, utilize: `%pset-sugestao <#canal | canal id | desativar>`.",
        "success": "Certo, irei mandar todas as sugestões para o canal `%canal` automaticamente.",
        "disabled": "As sugestões foram desativadas com sucesso.",
        "nocanal": "Não existe nenhum canal de sugestão setado nesse servidor, sete ou peça a alguém para setar.",
        "nada": "Você não escreveu nada, para a conveniência de todos não irei enviar a sugestão.",
        "nova": "💡  »  Nova Sugestão",
        "link": "Para a conveniência de todos, não envie links pelas sugestões.",
        "footer": "Sistema de Sugestões, %u"
    },
    "giveaway": {
        "sec": "segundos",
        "min": "minutos",
        "hrs": "horas",
        "day": "dias",
        "term": "Terminou ás",
        "host": "Sorteio de: {user}",
        "win": "ganhador(es)",
        "wins": "Parabéns, {winners}! Você ganhou {prize}!\n{messageURL}",
        "addReaction": "Reaja com 🎉 para participar!",
        "restante": "Tempo Restante:",
        "no": "Sorteio cancelado, sem participações válidas",
        "give": "SORTEIO",
        "giveend": "SORTEIO ENCERRADO",
        "start": "Você não usou o comando corretamente, utilize: `%pgiveaway [tempo(10s, 10m)] [ganhadores(1, 1w)] [prêmio(fotos de gatinhos)]`, não inclua **[]** ou **()**."
    },
    "marry": {
        "deseja": "deseja se casar com você, você aceita?",
        "vc": "Você não pode casar com você mesmo.",
        "eu": "Eu não quero me casar com você e alias, eu só tenho 13 anos.",
        "ja": "já está casado, não esquenta, uma hora você consegue."
    },
    "sobre": {
        "nada": "Preciso de algum argumento, utilize: `%psobremim <texto>`",
        "alt": "Sobre alterado para: `%t`"
    },
    "daily": {
        "coletado": "Você coletou **%m stars** diárias, volte amanhã e colete novamente.",
        "coletou": "Você já coletou sua recompensa diária, colete-a novamente em **%time**"
    },
    "play": {
        "add": "Adicionado a fila!",
        "nada": "Preciso de algum argumento, utilize: `%pplay <música | url>`"
    },
    "nodes": {
        "memoria": "Uso de memoria"
    },
    "avatar": {
        "from": "Avatar de:",
        "unknown": "Usuário desconhecido."
    },
    "editLogs": {
        "old": "Mensagem antes da edição:",
        "new": "Mensagem após edição:",
        "user": "Usuário",
        "deleted": "[apagada]",
        "edited": "[editada]",
        "click": "Clique aqui",
        "canal": "Canal",
        "title": "Log de Mensagens",
        "content": "Conteúdo"
    },
    "multiLang": {
        "unknownLanguage": "Idioma desconhecido.\nℹ️ Idiomas disponíveis: %langs",
        "insertLang": "Você não específicou um idioma. Para alterar o idioma do bot, utilize `%pidioma %langs`"
    },
    "autoRole": {
        "insertRole": "Você não especificou um cargo, utilize: `%pautorole <@cargo | cargo id | desativar>.`",
        "success": "Certo, agora membros que entrarem no servidor terão o cargo `%cargo` adicionado automaticamente.",
        "disabled": "AutoRole foi desativado com sucesso."
    },
    "welcome": {
        "insertChannel": "Você não especificou um canal, utilize: `%pwelcome <#canal | canal id | desativar>`.",
        "success": "Certo, irei mandar todas as mensagens de boas vindas para o canal `%canal` automaticamente.",
        "disabled": "As mensagens de boas vindas foram desativadas com sucesso.",
        "message": "%m bem-vindo ao servidor **%g**, atualmente temos **%c** membros! Espero que se divirta conosco ❤️"
    },
    "leave": {
        "insertChannel": "Você não especificou um canal, utilize: `%psaida <#canal | canal id | desativar>`.",
        "success": "Certo, irei mandar todas as mensagens de saida para o canal `%canal` automaticamente.",
        "disabled": "As mensagens de saida foram desativadas com sucesso.",
        "message": "Infelizmente, %m saiu do servidor. Agora temos **%c** membros."
    },
    "starboards": {
        "insertChannel": "Você não especificou um canal, utilize: `%pstarboard <#canal | canal id | desativar>`.",
        "success": "Certo, irei mandar todas o starboard para o canal `%canal` automaticamente.",
        "disabled": "O starboard foi desativado com sucesso."
    },
    "guildLogs": {
        "insertChannel": "Você não especificou um canal, utilize: `%plogs <#canal | canal id | desativar>`.",
        "success": "Certo, irei mandar todas as logs para o canal `%canal` automaticamente.",
        "disabled": "As logs foram desativadas com sucesso."
    },
    "mention": {
        "response": "Olá **%u**, veja meus comandos usando `star ajuda` ou `s!ajuda`"
    },
    "slowmode": {
        "time": "Insira o tempo em segundos para ser o novo modo lento. (**0 à 21600**).",
        "NaN": "Isso não é um número.",
        "lento": "Modo lento definido para `%tempo segundos` com sucesso.",
        "error": "Não foi possível alterar o modo lento."
    },
    "vaporwave": {
        "error": "Eu preciso que você me dê algum texto, tente: `%pvaporonda <texto>`"
    },
    "image": {
        "editando": "✍️ %u **|** editando",
        "args": "✍️ %u **|** Eu preciso que você me dê algum argumento para que eu possa editar",
        "long": "✍️ %u **|** Sua mensagem é muito longa, tente reduzir para 300 caracteres",
        "achivment": "Progresso Feito!"
    },
    "error": {
        "dm": "❌ %u **|** Não consegui enviar a mensagem em sua dm, verifique se ela está aberta ou se estou bloqueada"
    },
    "tradutor": {
        "lang": "Você precisa especificar a linguagem, examplo: %translator **en** Oi",
        "text": "Você precisa especificar o texto, examplo: %translator en  **Oi** "
    },
    "cmm": {
        "text": "Eu preciso que você especifique o texto."
    },
    "eject": {
        "sim": "Simulação de Ejeção"
    },
    "hug": {
        "acaba": "acaba de abraçar",
        "user": " Mencione um usuário para abraçar",
        "em": "em"
    },
    "slap": {
        "acaba": "deu um tapa em",
        "user": " Mencione um usuário para bater",
        "em": "em"
    },
    "stonks": {
        "limit": "voce passou de 50 caracteres"
    }
}