{
    "backgrounds": [{
            "url": "https://i.imgur.com/57ObZ60.jpg",
            "value": 10000
        },
        {
            "url": "https://i.imgur.com/ze9WQii.jpeg",
            "value": 5000
        },
        {
            "url": "https://i.imgur.com/2MvvE7H.jpeg",
            "value": 15000
        },
        {
            "url": "https://i.imgur.com/Kdzh0mw.png",
            "value": 10000
        },
        {
            "url": "https://i.imgur.com/itx6UkD.jpg",
            "value": 1000
        },
        {
            "url": "https://i.imgur.com/R17yVyl.jpg",
            "value": 5000
        },
        {
            "url": "https://i.imgur.com/wxrAkbw.jpg",
            "value": 12000
        },
        {
            "url": "https://i.imgur.com/9XpcUNy.jpg",
            "value": 14998
        },
        {
            "url": "https://i.imgur.com/tidj7iX.png",
            "value": 15000
        },
        {
            "url": "https://i.imgur.com/t7mcwNU.jpg",
            "value": 14999
        },
        {
            "url": "https://i.imgur.com/4oXGKfT.jpg",
            "value": 15000
        },
        {
            "url": "https://i.imgur.com/KE94Bsm.png",
            "value": 10000
        },
        {
            "url": "https://i.imgur.com/3G1ViNh.png",
            "value": 1000
        }
    ]
}